﻿--
-- Script was generated by Devart dbForge Studio for MySQL, Version 8.0.40.0
-- Product home page: http://www.devart.com/dbforge/mysql/studio
-- Script date 17/06/2022 17:47:38
-- Server version: 5.5.5-10.1.40-MariaDB
-- Client version: 4.1
--

-- 
-- Disable foreign keys
-- 
/*!40014 SET @OLD_FOREIGN_KEY_CHECKS=@@FOREIGN_KEY_CHECKS, FOREIGN_KEY_CHECKS=0 */;

-- 
-- Set SQL mode
-- 
/*!40101 SET @OLD_SQL_MODE=@@SQL_MODE, SQL_MODE='NO_AUTO_VALUE_ON_ZERO' */;

-- 
-- Set character set the client will use to send SQL statements to the server
--
SET NAMES 'utf8';

DROP DATABASE IF EXISTS mainstay;
CREATE DATABASE mainstay;
--
-- Set default database
--
USE mainstay;

--
-- Drop table `compras`
--
DROP TABLE IF EXISTS compras;

--
-- Drop table `telefonos`
--
DROP TABLE IF EXISTS telefonos;

--
-- Drop table `clientes`
--
DROP TABLE IF EXISTS clientes;

--
-- Drop table `embajadores`
--
DROP TABLE IF EXISTS embajadores;

--
-- Drop table `productos`
--
DROP TABLE IF EXISTS productos;

--
-- Drop table `proveedores`
--
DROP TABLE IF EXISTS proveedores;

--
-- Drop table `tipos`
--
DROP TABLE IF EXISTS tipos;

--
-- Set default database
--
USE mainstay;

--
-- Create table `tipos`
--
CREATE TABLE tipos (
  codigotipos int(11) NOT NULL AUTO_INCREMENT,
  nombre varchar(25) DEFAULT NULL,
  PRIMARY KEY (codigotipos)
)
ENGINE = INNODB,
AUTO_INCREMENT = 11,
AVG_ROW_LENGTH = 1638,
CHARACTER SET latin1,
COLLATE latin1_swedish_ci;

--
-- Create table `proveedores`
--
CREATE TABLE proveedores (
  codigoproveedores int(11) NOT NULL AUTO_INCREMENT,
  telefono varchar(10) DEFAULT NULL,
  email varchar(100) DEFAULT NULL,
  nombre varchar(25) DEFAULT NULL,
  producto varchar(25) DEFAULT NULL,
  precio int(25) DEFAULT NULL,
  PRIMARY KEY (codigoproveedores)
)
ENGINE = INNODB,
AUTO_INCREMENT = 11,
AVG_ROW_LENGTH = 2340,
CHARACTER SET latin1,
COLLATE latin1_swedish_ci;

--
-- Create table `productos`
--
CREATE TABLE productos (
  codigoproductos int(11) NOT NULL AUTO_INCREMENT,
  nombre varchar(25) DEFAULT NULL,
  precioventa double DEFAULT NULL,
  codigoproveedorf int(11) DEFAULT NULL,
  codigotiposf int(11) DEFAULT NULL,
  cantidad int(5) DEFAULT NULL,
  cantidadmin int(5) DEFAULT NULL,
  PRIMARY KEY (codigoproductos)
)
ENGINE = INNODB,
AUTO_INCREMENT = 18,
AVG_ROW_LENGTH = 1638,
CHARACTER SET latin1,
COLLATE latin1_swedish_ci;

--
-- Create foreign key
--
ALTER TABLE productos
ADD CONSTRAINT fk_productos_proveedores FOREIGN KEY (codigoproveedorf)
REFERENCES proveedores (codigoproveedores) ON DELETE CASCADE;

--
-- Create foreign key
--
ALTER TABLE productos
ADD CONSTRAINT fk_productos_tipos FOREIGN KEY (codigotiposf)
REFERENCES tipos (codigotipos) ON DELETE CASCADE;

--
-- Create table `embajadores`
--
CREATE TABLE embajadores (
  codigoembajador int(11) NOT NULL AUTO_INCREMENT,
  nombre varchar(20) DEFAULT NULL,
  numeroventas decimal(50, 0) DEFAULT NULL,
  numeroregistros int(50) DEFAULT NULL,
  telefono varchar(50) DEFAULT NULL,
  PRIMARY KEY (codigoembajador)
)
ENGINE = INNODB,
AUTO_INCREMENT = 12,
AVG_ROW_LENGTH = 3276,
CHARACTER SET latin1,
COLLATE latin1_swedish_ci;

--
-- Create table `clientes`
--
CREATE TABLE clientes (
  codigocliente int(11) NOT NULL AUTO_INCREMENT,
  nombre varchar(20) DEFAULT NULL,
  direccion varchar(50) DEFAULT NULL,
  apellidos varchar(25) DEFAULT NULL,
  telefonos varchar(25) DEFAULT NULL,
  subscripcion tinyint(1) DEFAULT NULL,
  PRIMARY KEY (codigocliente)
)
ENGINE = INNODB,
AUTO_INCREMENT = 22,
AVG_ROW_LENGTH = 1638,
CHARACTER SET latin1,
COLLATE latin1_swedish_ci;

--
-- Create table `telefonos`
--
CREATE TABLE telefonos (
  codigotelefonos int(11) NOT NULL AUTO_INCREMENT,
  telefonos varchar(9) DEFAULT NULL,
  codigoclientef int(11) DEFAULT NULL,
  PRIMARY KEY (codigotelefonos)
)
ENGINE = INNODB,
CHARACTER SET latin1,
COLLATE latin1_swedish_ci;

--
-- Create index `uk_telefonos_clientes` on table `telefonos`
--
ALTER TABLE telefonos
ADD UNIQUE INDEX uk_telefonos_clientes (codigoclientef, telefonos);

--
-- Create foreign key
--
ALTER TABLE telefonos
ADD CONSTRAINT fk_telefonos_clientes FOREIGN KEY (codigoclientef)
REFERENCES clientes (codigocliente) ON DELETE CASCADE;

--
-- Create table `compras`
--
CREATE TABLE compras (
  codigocompras int(11) NOT NULL AUTO_INCREMENT,
  producto varchar(50) DEFAULT NULL,
  fecha date DEFAULT NULL,
  codigoclientef2 int(11) DEFAULT NULL,
  codigoembajadorf int(11) DEFAULT NULL,
  codigoproductosf int(11) DEFAULT NULL,
  PRIMARY KEY (codigocompras)
)
ENGINE = INNODB,
AUTO_INCREMENT = 50,
AVG_ROW_LENGTH = 1092,
CHARACTER SET latin1,
COLLATE latin1_swedish_ci;

--
-- Create foreign key
--
ALTER TABLE compras
ADD CONSTRAINT fk_compras_clientes FOREIGN KEY (codigoclientef2)
REFERENCES clientes (codigocliente) ON DELETE CASCADE;

--
-- Create foreign key
--
ALTER TABLE compras
ADD CONSTRAINT fk_compras_embajadores FOREIGN KEY (codigoembajadorf)
REFERENCES embajadores (codigoembajador) ON DELETE CASCADE;

--
-- Create foreign key
--
ALTER TABLE compras
ADD CONSTRAINT fk_compras_productos FOREIGN KEY (codigoproductosf)
REFERENCES productos (codigoproductos) ON DELETE CASCADE;

-- 
-- Dumping data for table tipos
--
INSERT INTO tipos VALUES
(1, 'Camisetas'),
(2, 'Chaleco'),
(3, 'Pantalones'),
(4, 'Mascarillas'),
(5, 'Sudaderas'),
(6, 'Chaquetas'),
(7, 'Polos'),
(8, 'Zapatos'),
(9, 'Abrigos'),
(10, 'Bañadores');

-- 
-- Dumping data for table proveedores
--
INSERT INTO proveedores VALUES
(4, '+34 615 65', 'Paco@paco.com', 'Paquito Navarro', 'Camisetas Marrones', 23),
(5, '+34 656 67', 'juan@juan.com', 'Juan Dios', 'Camisetas All Nice', 12),
(6, '+34 722 22', 'jose@jose2.com', 'Jose Manriquez', 'Sudaderas FE', 21),
(7, '+34 612 34', 'paco@porras.com', 'Paco Porras', 'Sudadera ALL', 12),
(8, '+34 617 70', 'Juan@dios.com', 'Juan Dios', 'Camisetas verano', 34),
(9, '+34 655 57', 'maikel@calle.net', 'Maikel Dela', 'Sudaderas BLACK', 12),
(10, '+34 666 66', 'morales@juan.com', 'Juan Morales', 'Pantalones M1', 23);

-- 
-- Dumping data for table productos
--
INSERT INTO productos VALUES
(8, 'Sudadera Black', 34, 9, 5, 15, 23),
(9, 'Chaleco de M2', 34, 7, 2, 45, 46),
(10, 'Sudadera Free Anuel', 35.55, 7, 5, 45, 10),
(11, 'Camiseta Mainstay Gris', 34.6, 8, 1, 45, 10),
(12, 'Camiseta Brown M1', 37, 4, 1, 45, 23),
(13, 'Camiseta Basica M3', 25, 5, 1, 55, 65),
(14, 'Pantalones de Mainstay', 37, 10, 3, 45, 55),
(15, 'Camiseta Blanca Basica', 25, 5, 1, 45, 55),
(16, 'Chaleco Mission One', 40, 7, 2, 45, 55),
(17, 'Chaleco gris de temporada', 34.6, 7, 2, 15, 23);

-- 
-- Dumping data for table embajadores
--
INSERT INTO embajadores VALUES
(7, 'Paco Martinez', 100, 564, '+34 617 07 66 07'),
(8, 'Emiliano Martinez', 123, 23, '+34 655 55 55 55'),
(9, 'Juan Jose Rest', 35, 156, '+34 617 07 60 99'),
(10, 'María Martinez', 123, 345, '+34 655 55 64 64'),
(11, 'Pedro Lopez', 23, 122, '+34 617 07 60 22');

-- 
-- Dumping data for table clientes
--
INSERT INTO clientes VALUES
(12, 'Mario', 'Ramon y cajal 45/47 ch2', 'Gomez Diez', '+34 617 07 66 92', NULL),
(13, 'Ana Maria Gomez', 'C/ Lopez de Origa', NULL, '+34 666 00 08 88', NULL),
(14, 'Jorge Pacheco', 'C/ Juan Lopez Martinez', NULL, '+34 612 34 45 45', NULL),
(15, 'Juan Jose Bermudez', 'C / Bermudinha', NULL, '+34 651 67 67 67', NULL),
(16, 'Paco Morientes', 'C/ Juan Lopez Martinez', NULL, '+34 632 14 56 78', NULL),
(17, 'Ana Gomez', 'C/ Juan Lopez Martinez', NULL, '+34 606 70 79 78', NULL),
(18, 'Angel Del P', 'C/ Lopez de Origa', NULL, '+34 656 74 67 89', NULL),
(19, 'Natalia Llano', 'Calle Vargas 100', NULL, '+34 619 68 69 78', NULL),
(20, 'Carlos Pahuel', 'C/ Martinez Soria', NULL, '+34 629 37 91 45', NULL),
(21, 'Carlos Martinez', 'Ramon y cajal 45/47 ch2', NULL, '+34 629 78 89 90', NULL);

-- 
-- Dumping data for table telefonos
--
-- Table mainstay.telefonos does not contain any data (it is empty)

-- 
-- Dumping data for table compras
--
INSERT INTO compras VALUES
(35, NULL, '2022-06-10', 15, 9, 12),
(36, NULL, '2022-03-18', 16, 8, 8),
(37, NULL, '2022-02-17', 13, 9, 9),
(38, NULL, '2022-05-11', 14, 8, 12),
(39, NULL, '2022-06-14', 13, 9, 13),
(40, NULL, '2022-04-15', 13, 8, 8),
(41, NULL, '2022-06-21', 12, 9, 8),
(42, NULL, '2022-06-23', 14, 8, 11),
(43, NULL, '2022-01-13', 13, 8, 10),
(44, NULL, '2022-06-10', 15, 9, 11),
(45, NULL, '2022-06-08', 15, 10, 12),
(46, NULL, '2022-05-10', 13, 9, 13),
(47, NULL, '2022-06-01', 15, 7, 12),
(48, NULL, '2022-06-22', 14, 9, 12),
(49, NULL, '2022-04-12', 18, 11, 17);

-- 
-- Restore previous SQL mode
-- 
/*!40101 SET SQL_MODE=@OLD_SQL_MODE */;

-- 
-- Enable foreign keys
-- 
/*!40014 SET FOREIGN_KEY_CHECKS = @OLD_FOREIGN_KEY_CHECKS */;